{
  "path": "mod_immersiveengineering/hemp_plant.json",
  "enabled": true,
  "id": "immersiveengineering:hemp_plant",
  "plant_name": "Hemp",
  "seed_name": "Hemp Seeds",
  "seed_items": [
    {
      "item": "immersiveengineering:seed",
      "meta": 0,
      "tags": "",
      "ignoreMeta": false,
      "ignoreTags": [
        "*"
      ],
      "useOreDict": false
    }
  ],
  "description": {
    "translations": {},
    "default": "A plant with strong fiber."
  },
  "growth_chance": 0.75,
  "growth_bonus": 0.025,
  "bonemeal": true,
  "tier": 1,
  "weedable": false,
  "aggressive": false,
  "spread_chance": 0.1,
  "spawn_chance": 0.0,
  "grass_drop_chance": 0.0,
  "seed_drop_chance": 1.0,
  "seed_drop_bonus": 0.0,
  "products": {
    "products": [
      {
        "min": 1,
        "max": 2,
        "chance": 0.5,
        "required": true,
        "item": "immersiveengineering:seed",
        "meta": 0,
        "tags": "",
        "ignoreMeta": false,
        "ignoreTags": [],
        "useOreDict": false
      },
      {
        "min": 1,
        "max": 2,
        "chance": 0.5,
        "required": true,
        "item": "immersiveengineering:material",
        "meta": 4,
        "tags": "",
        "ignoreMeta": false,
        "ignoreTags": [],
        "useOreDict": false
      }
    ]
  },
  "requirement": {
    "min_light": 10,
    "max_light": 16,
    "soils": [
      "farmland_soil",
      "grass_soil",
      "fertilized_dirt_soil",
      "fertile_soil",
      "loamy_farmland_soil",
      "silty_farmland_soil"
    ],
    "conditions": []
  },
  "texture": {
    "render_type": "hash",
    "seed_texture": "immersiveengineering:items/seed_hemp",
    "plant_textures": [
      "immersiveengineering:blocks/hemp_B0",
      "immersiveengineering:blocks/hemp_B0",
      "immersiveengineering:blocks/hemp_B1",
      "immersiveengineering:blocks/hemp_B1",
      "immersiveengineering:blocks/hemp_B2",
      "immersiveengineering:blocks/hemp_B2",
      "immersiveengineering:blocks/hemp_B3",
      "immersiveengineering:blocks/hemp_B4"
    ]
  }
}
