{
	"era": "diesel",
	"name": "Monorail Engine",
	"works": "Black Mesa",
	"model": "immersiverailroading:models/rolling_stock/locomotives/monorail_engine/monorail_engine.obj",
	"modeler": "Memeexp",
	"pack": "Supersymmetry Trains",
	"darken_model": "-0.01",
	"properties": {
		"fuel_efficiency_%": 95,
		"fuel_capacity_l": 3200,
		"horsepower": 400,
		"tractive_effort_lbf": 30000,
		"max_speed_kmh": 100,
		"weight_kg": 22000,
		"horn_sustained": true,
		"radio_equipped":true
	},
	"passenger": {
		"slots": 2,
		"center_x": 0,
		"center_y": 0.45,
		"length": 3,
		"width": 2.2
	},
	"trucks": {
		"front": 1.5, 
		"rear": -1.5
	},
	"couplers": {
		"front_offset": 0.5,
		"rear_offset": -0.5
	},
	"tex_variants":{
	},
	"sounds": {
	},
	"lights": {
	}
}