{
    "name": "Monorail Tank",
	"works": "Black Mesa",
	"modeler": "Memeexp",
	"pack": "Supersymmetry Trains",
    "model": "immersiverailroading:models/rolling_stock/tank/monorail_fluid/monorail_fluid.obj",
    "darken_model": "-0.01",
    "properties": {
        "weight_kg": 15000

    },
    "passenger": {
        "slots": 1,
        "center_x": 0,
        "center_y": 2.85,
        "length": 3.0,
        "width": 1.0
    },
    "tank": {
        "capacity_l": 64000
    },
    "trucks": {
        "front": 1.5, 
        "rear": -1.5
    },
    "couplers": {
        "front_offset": 0.5,
        "rear_offset": -0.5
    }
}